id	tier	scope	regex	threshold	unit	action	source_ref	notes
banned-1.4-negation-formula	BANNED	both	\bnot (?!only\b)[^.!?\n;:—–]{1,40}, but\b			Commit to what it IS; name it directly and cut the negation scaffold	collation:729-752 [BANNED 1.4]	No allowable form stated. Excludes "not only" (handled by 1.29). Supersedes verve-legacy not-X-but-Y rule (merged here).
banned-1.29-negative-parallelism	BANNED	both	\bnot only\b[^.!?\n]{0,80}\bbut\b|\b(?:it|this|that)[’']s not about\b[^\n]{0,80}[’']s about\b|\bwasn[’']t just\b[^\n]{0,80}\bit was\b|\bdidn[’']t just\b			State the point directly or cut; the second clause must add information, not amplify	collation:756-780 [BANNED 1.29]	Covers "not only...but", "it's not about X, it's about Y", "It wasn't just X—it was Y", "didn't just [verb]" shells.
banned-fg7-false-profound-negation	BANNED	both	(?-i:\bNot (?:a |an |the |for |just )?[\w’' -]{1,30}\.\s+(?:For|Just|Something|Not)\b)			Weave the detail into a real sentence that tells us something about the character; don't arrive at a platitude by the scenic route	collation:784-792 [Reddit field guide item 7]	Two-beat ("Not for justice. For control.") and three-beat ("Not a hero. Not a villain. Just a man...") greppable shells; the full false-profundity test is judgment. Case-sensitive via local flag group.
banned-1.5-triple-beat-lists	BANNED	narration	(?-i:\bThe [\w’' -]{1,25}\. The [\w’' -]{1,25}\. The [\w’' -]{1,25}\.)			Cut to what matters or integrate; ask whether you are building tension or performing it	collation:799-821 [BANNED 1.5]	Three-part noun/fragment sequences for emphasis ("The exhaustion. The loneliness. The endurance.").
banned-1.6-staccato-verb-fragments	BANNED	narration	(?-i:\b[A-Z][a-z]+s\. [A-Z][a-z]+s\. [A-Z][a-z]+s\.)			Vary syntax; ask whether you are building tension or mimicking it	collation:825-847 [BANNED 1.6]	Shell targets three consecutive single-word present-tense verb sentences ("Stops. Reaches. Retreats."). Case-sensitive via local flag group.
banned-1.8-standalone-because	BANNED	narration	(?-i:(?:^|(?<=[.!?] )|(?<=[.!?]” )|(?<=[.!?]" ))Because [^.!?\n]{1,80}\.)			Integrate the reason or show it through action	collation:851-873 [BANNED 1.8]	Scope narration (harness choice): standalone "Because X." answers are natural in spoken dialogue. Case-sensitive via local flag group.
cap-fg5-fragment-list	CAP	narration	(?-i:\b[A-Z][\w’'-]+\. [A-Z][\w’'-]+\. [A-Z][\w’'-]+\.|\bSame [^.!?\n]{1,30}\. Same [^.!?\n]{1,30}\.)	1	per-chapter	Replace fragment lists with actual sentences; if nothing is lost besides rhythm, the fragments are decoration	collation:877-886 [Reddit field guide item 5]	Source: "One of these per chapter is a stylistic choice. Twenty-five per chapter is a nervous breakdown formatted as literature." First alternation = three consecutive single-word fragments (overlaps 1.5/1.6); "Same X. Same Y." repetition shell included.
banned-1.3-anthropomorphized-silence	BANNED	narration	\bsilence (?:stretch(?:es|ed|ing)?|sits?|sat|grows?|grew|h(?:angs?|ung)|press(?:es|ed|ing)?)\b			Rewrite to show who breaks it, who endures it, what it costs	collation:893-916 [BANNED 1.3]	Trigger verbs from source: stretches, sits (heavy), grows (uncomfortable), hangs (thick and suffocating), presses. Supersedes verve-legacy silence/pause row (merged here and in 1.15).
banned-1.15-suspension-phrases	BANNED	both	\bh(?:angs?|ung) in the air\b|\bh(?:angs?|ung) between (?:them|us)\b|\bhangs?,? unanswered\b|\bhung,? unanswered\b			Show what happens because of this silence/question/moment—aftermath, not suspended atmosphere	collation:920-943 [BANNED 1.15]	Examples: words hang in the air; silence hangs between them; question hangs, unanswered; accusation hangs there ("hangs there" omitted from regex—too many literal-object hits; reviewer judgment).
banned-1.27-false-range	BANNED	both	\bfrom the [\w’']+ of [^.!?\n]{1,40} to the [\w’']+ of\b|\bfrom (?:heartbreak|pain|grief|loss|fear|hope|despair) to [\w’']+(?: to [\w’']+)?\b			Cut unless an actual scale with an identifiable middle ground exists between the endpoints	collation:947-971 [BANNED 1.27]	Allowable: literal measurable ranges ("from Monday to Friday") are not false ranges. Shell flags "from the X of...to the Y of" and abstract-emotion endpoints; the full no-middle-ground test is judgment.
banned-qs-comma-then	BANNED	narration	,\s*then\b			Rewrite as fluid motion or consequence	collation:983-983 [BANNED QUICK-SCAN]	Duplicates 1.1; dialogue sequencing is natural speech (harness scope choice).
banned-qs-something-verb	BANNED	narration	\bsomething (?:shifts?|shifted|tightens?|tightened|flickers?|flickered|hardens?|hardened|breaks?|broke|cracks?|cracked|loosens?|loosened|changes?|changed|settles?|settled|stirs?|stirred|passes?|passed|moves?|moved)\b			Name what's actually happening	collation:984-984 [BANNED QUICK-SCAN]	Verb list drawn from 1.2/2.2 placeholder inventories; bare "something" alone is a common word (safety rail) so the verb is required.
banned-qs-silence-verbs	BANNED	narration	\bsilence\b[^.!?\n]{0,20}\b(?:stretch(?:es|ed|ing)?|h(?:angs?|ung)|sits?|sat)\b			Show effect through behavior	collation:985-985 [BANNED QUICK-SCAN]	Duplicates 1.3 with the table's exact verb set (stretches/hangs/sits).
banned-qs-not-x-but-y	BANNED	both	\bnot (?!only\b)[^.!?\n;:—–]{1,40}, but\b			Commit to what it is	collation:986-986 [BANNED QUICK-SCAN]	Duplicates 1.4.
banned-qs-isnt-quite	BANNED	both	\bisn[’']t quite\b			Describe the gesture specifically	collation:987-987 [BANNED QUICK-SCAN]	See 1.9 for the fuller hedged-reaction shells.
banned-qs-hangs-in-the-air	BANNED	both	\bh(?:angs?|ung) in the air\b			Show consequence, not suspension	collation:988-988 [BANNED QUICK-SCAN]	Duplicates 1.15.
banned-qs-like-a-blow	BANNED	both	\blike a (?:physical )?(?:blow|punch)\b|\blike a freight train\b			Show sensation directly	collation:989-989 [BANNED QUICK-SCAN]	Duplicates 1.16.
banned-qs-like-a-stone-water	BANNED	both	\blike a stone\b[^.!?\n]{0,40}\b(?:water|pond|lake|pool)\b|\blike a stone dropped\b			Cut—dead metaphor	collation:990-990 [BANNED QUICK-SCAN]	Duplicates 1.17.
watch-qs-finally	WATCH	both	\bfinally\b			Show who breaks first	collation:991-991 [BANNED QUICK-SCAN]	Single common word—safety rail: never BANNED. Count and report only.
banned-qs-triple-fragment	BANNED	narration	(?-i:\b(?:The|A|An) [\w’' -]{1,25}\. (?:The|A|An) [\w’' -]{1,25}\. (?:The|A|An) [\w’' -]{1,25}\.)			Cut to what matters or integrate	collation:992-992 [BANNED QUICK-SCAN]	Duplicates 1.5; article-led variant. Case-sensitive via local flag group.
banned-qs-verb-verb-verb	BANNED	narration	(?-i:\b[A-Z][a-z]+s\. [A-Z][a-z]+s\. [A-Z][a-z]+s\.)			Vary syntax	collation:993-993 [BANNED QUICK-SCAN]	Duplicates 1.6.
watch-qs-and-but-start	WATCH	both	(?-i:(?:^|(?<=[.!?] ))(?:And|But)\b)			Use sparingly for earned emphasis	collation:994-994 [BANNED QUICK-SCAN]	"Use sparingly" = not a flat ban (safety rail); the density gate lives in cap-1.7-conjunction-starts.
banned-qs-because-fragment	BANNED	narration	(?-i:(?:^|(?<=[.!?] ))Because [^.!?\n]{1,80}\.)			Integrate or show through action	collation:995-995 [BANNED QUICK-SCAN]	Duplicates 1.8; natural in dialogue (scope narration).
banned-qs-surgical-precision	BANNED	both	\bsurgical precision\b|\bpracticed ease\b			Show actual movement	collation:996-996 [BANNED QUICK-SCAN]	Duplicates 1.18 phrase row.
watch-qs-texture-words	WATCH	both	\b(?:steel|iron|velvet|silk)\b			Find different texture	collation:997-997 [BANNED QUICK-SCAN]	Single common words—safety rail: never BANNED. Literal material uses (an iron gate) are legitimate; flag metaphorical voice/gaze/grip uses.
banned-qs-wanted-without-object	BANNED	narration	\bwanted (?:her|him)\b(?!\s+to\b)			Specify what's wanted and why	collation:998-998 [BANNED QUICK-SCAN]	Negative lookahead exempts "wanted her to [verb]" (object present).
banned-qs-look-that-said	BANNED	narration	\ba look that said\b|\bdidn[’']t need words\b			Show the actual exchange	collation:999-999 [BANNED QUICK-SCAN]	Duplicates 1.21.
banned-qs-held-it-together	BANNED	both	\bheld it together\b|\bswallowed it down\b			Name what's being contained	collation:1000-1000 [BANNED QUICK-SCAN]	Duplicates 1.22.
banned-qs-changed-everything	BANNED	both	\bchanged everything\b|\bbroke forever\b			Scale to proportion	collation:1001-1001 [BANNED QUICK-SCAN]	Duplicates 1.25.
watch-qs-weather-opener	WATCH	opening	\b(?:skyline|rain|waves?|moonlight|sunlight|clouds?|snow|fog|mist|wind|storm|dawn|dusk|horizon|city lights?)\b			Start with character	collation:1002-1002 [BANNED QUICK-SCAN]	Bare weather-noun shell is noisy, so WATCH here; the stricter weather-noun-as-actor shell is BANNED in 1.13 (scope=opening).
watch-qs-from-x-to-y	WATCH	both	\bfrom (?:the )?[\w’']+(?: of [\w’' ]{1,30})? to (?:the )?[\w’']+(?: of [\w’' ]{1,30})?\b			Check if actual scale exists	collation:1003-1003 [BANNED QUICK-SCAN]	Table qualifies with "(abstract)"—abstractness is judgment, so broad shell is count-and-report only; BANNED shells live in 1.27.
banned-qs-elegant-variation	BANNED	narration	\bthe older (?:man|woman)\b|\bthe younger (?:man|woman)\b			Use names unless descriptor does work	collation:1004-1004 [BANNED QUICK-SCAN]	Exception (from 1.26): descriptor valid when revealing POV, emotional distance, or power shift.
banned-qs-participle-highlighting	BANNED	narration	,\s*(?:highlighting|underscoring)\b			Delete editorial narration	collation:1005-1005 [BANNED QUICK-SCAN]	Duplicates 1.28/3.12 core shell.
banned-qs-not-only-but	BANNED	both	\bnot only\b[^.!?\n]{0,80}\bbut\b			State directly or cut	collation:1006-1006 [BANNED QUICK-SCAN]	Duplicates 1.29 first alternation.
banned-qs-with-the-noun-of-someone	BANNED	both	\bwith the [\w-]+(?: [\w-]+){0,2} of someone\b			Describe the actual behavior directly	collation:1007-1007 [BANNED QUICK-SCAN]	Duplicates 1.30.
watch-qs-trailing-participle	WATCH	narration	,\s+(?:(?:his|her|their|its) \w+ )?\w+ing\b			Vary sentence structure—check for participle pile-up	collation:1008-1008 [BANNED QUICK-SCAN]	One is fine; the density gate lives in cap-1.31-trailing-participle.
banned-1.14-gravitational-metaphors	BANNED	both	\bpulled toward (?:her|him|them)\b|\bdrawn to (?:her|him|them)\b|\borbit(?:s|ed|ing)? around (?:her|him|them)\b|\bgravity between (?:them|us)\b|\bmagnetic\b			Stop writing attraction as physics; make it a choice	collation:1576-1599 [BANNED 1.14]	"Magnetic" alternate may hit literal/technical uses—reviewer confirms romantic-metaphor context.
watch-1.19-texture-defaults	WATCH	both	\bvelvet\b|\bsilk over steel\b|\bsilk\b|\bsteel\b|\biron\b|\bgranite\b|\bmarble\b			Find a different texture entirely—or describe the actual sensation	collation:1604-1628 [BANNED 1.19]	Source bans, but these are single common words—downgraded to WATCH per safety rail. Flag metaphorical use for voice/darkness/threat/spine/gaze/grip/control/will, not literal materials. Duplicates 2.9 list.
banned-1.30-simile-as-adverb	BANNED	both	\bwith the [\w-]+(?: [\w-]+){0,2} of someone\b			Describe what they're actually doing or feeling; cut the imaginary siege-preparer	collation:1633-1656 [BANNED 1.30]	"With the [noun] of someone [verb]ing"—a simile doing an adverb's job via a hypothetical person.
banned-1.28-superficial-analysis	BANNED	narration	,\s*(?:highlighting|underscoring|reflecting|emphasizing|showcasing|symbolizing) (?:his|her|their|its|the|a|an|what|how)\b			Delete the interpreting participle; the action either speaks for itself or needs rewriting so it does	collation:1900-1923 [BANNED 1.28]	Trigger participles: highlighting, underscoring, reflecting, emphasizing, showcasing, symbolizing. Following determiner/pronoun required so genuine gerunds ("sat, reflecting on her day") don't hit.
cap-1.7-conjunction-starts	CAP	narration	(?-i:(?:^|(?<=[.!?] ))(?:And|But)\b)	4	per-1k-words	Reserve for sentences that need dramatic separation; don't force rhythm	collation:2706-2727 [BANNED 1.7]	Source says overuse with no number—harness-default threshold (density rule). Safety rail: not flat-BANNED. Quick-scan: "use sparingly for earned emphasis."
banned-1.10-echo-line-poetics	BANNED	narration	\b((?:he|she|it|they|we|you|i) [\w’']+ )[^.!?\n]{1,40}\.\s+\1|\bit wasn[’']t the [\w’' -]{1,30}\. it was\b|([^.!?\n]{2,30})\.\s+god, \2\b			Escalate, complicate, or contradict—don't just rephrase; if the second line adds nothing, cut it	collation:2732-2754 [BANNED 1.10]	Shells: repeated pronoun+verb sentence opener ("He wanted... He wanted..."), "It wasn't the X. It was Y", "X. God, X." Mirrored structure without lexical repetition needs judgment.
cap-1.31-trailing-participle	CAP	narration	,\s+(?:(?:his|her|their|its) \w+ )?\w+ing\b	5	per-1k-words	Vary the structure—lead with the participle, make it its own sentence, or cut it and describe the action directly	collation:2759-2787 [BANNED 1.31]	Source: one is fine, two in a paragraph noticeable, more than two consecutive sentences = generated-feeling prose. Line-by-line engine can't detect adjacency, so density proxy with harness-default threshold. Also check false simultaneity ("opened the door, stepping inside").
banned-1.17-ripple-stillness-similes	BANNED	both	\blike a stone dropped\b|\brippled through\b|\bsent ripples through\b|\bthe stillness shattered\b|\bcracked the silence\b			Cut; show impact directly	collation:3122-3145 [BANNED 1.17]	Water imagery for emotional impact—dead simile universalized to meaninglessness.
banned-1.25-misapplied-epic-tone	BANNED	both	\bbroke forever\b|\bthe world held its breath\b|\bchanged everything\b|\bnothing would ever be the same\b			Ask if this moment is actually that big; if not, scale down	collation:3150-3172 [BANNED 1.25]	"It was only a touch, but it changed everything" covered by the changed-everything alternate.
banned-1.11-mood-prop-negation	BANNED	narration	\b(?:a |an |the |another )?[\w’']+ (?:s?he|they) (?:didn[’']t|doesn[’']t|don[’']t) (?:really |actually )?(?:need|want|make)\b			Ask why the character is doing this and what it reveals; if nothing, cut	collation:3385-3407 [BANNED 1.11]	Action immediately negated as meaningless ("grabs the soy sauce she doesn't need"; "smoked a cigarette he didn't want").
banned-1.9-hedged-reactions	BANNED	both	\bthat (?:isn[’']t|wasn[’']t) (?:quite|really)\b|\b(?:isn[’']t|wasn[’']t) quite a\b			Name what the gesture is actually doing and what it looks like	collation:3591-3613 [BANNED 1.9]	"A laugh that isn't quite a laugh"; "a nod that isn't really agreement."
banned-1.13-atmospheric-front-loading	BANNED	opening	\b(?:skyline|rain|waves?|moonlight|sunlight|city lights?|snow|fog|mist|clouds?|dawn|dusk|the sun|the moon|wind|storm)\b[^.!?\n]{0,60}\b(?:glowed|glittered|traced|crashed|flickered|pooled|streamed|spilled|painted|cast|casting|drifted|h(?:angs?|ung)|stretched|sparkled|shimmered)\b			Cut the slow-pan opener; start with character	collation:3780-3802 [BANNED 1.13]	Scene openings only (scope=opening). Weather subordinate to character action is acceptable—engine can't verify character presence, reviewer judgment.
banned-1.20-blank-desire-statements	BANNED	narration	\bwanted (?:her|him)\b(?!\s+to\b)|\bgod, (?:s?he) wanted\b|\bneeded (?:her|him) like air\b|\bthe wanting was\b|\bached for (?:her|him)\b|\bcraved (?:her|him)\b(?!\s+to\b)			Specify what's wanted/needed, for what purpose, and what the desire reveals	collation:3807-3830 [BANNED 1.20]	Lookaheads exempt "wanted/craved her to [verb]" (specified object).
banned-1.23-aestheticized-damage	BANNED	narration	\banother drink (?:s?he|they) didn[’']t need\b|\bhadn[’']t slept in \w+ (?:days|nights)\b|\bate (?:people|men|women) like (?:her|him|them) alive\b|\banother sleepless night\b|\blived on coffee and cigarettes\b			Show what the dysfunction costs; don't use drinking/sleeplessness/self-destruction as character decoration	collation:3835-3858 [BANNED 1.23]	Listed-example shells only; the underlying test (decoration vs dramatized cost) is judgment—damage shown with real cost is allowable.
banned-1.24-faux-intellectual-aphorism	BANNED	both	\bwe are all just [\w’' ]{1,20} in the end\b|\bmaybe [\w’']+ was the real [\w’']+\b|\bsometimes,? [\w’']+ looks like [\w’']+\b|\bpain is just love\b|\bthe heart wants what it wants\b			Ask if this is a real thought this specific character would have in this moment; cut poster-quotable profundity	collation:3863-3886 [BANNED 1.24]	Shells generalize the listed examples; the full "motivational poster / retweetable" test is judgment.
banned-1.26-elegant-variation	BANNED	narration	\bthe (?:older|younger|taller|tall) (?:man|woman)\b|\bthe [\w]+-skinned (?:man|woman)\b|\bthe (?:japanese|chinese|korean|french|german|russian|american|british) (?:man|woman)\b|\bthe protagonist\b|\bthe key player\b|\bthe central figure\b|\bthe other (?:man|woman)\b|\b(?:his|her) lover\b|\b(?:his|her) partner\b			Use the name unless the descriptor is doing specific work	collation:4028-4078 [BANNED 1.26 + 3.11]	MERGED: 1.26 ELEGANT VARIATION + 3.11 THE ELEGANT VARIATION TRAP (same construction). Exception: descriptor valid when establishing POV ("the man she used to love"), marking emotional distance ("the stranger wearing her husband's face"), or shifting power dynamic ("the woman he'd underestimated"). Nationality list representative, not exhaustive—rotation with names is the tell.
banned-1.16-impact-similes	BANNED	both	\bhit like a (?:physical blow|punch to the gut|freight train)\b|\blike a (?:physical )?blow\b|\blanded like a slap\b|\bknocked the (?:air|wind|breath) out of\b			Show the actual physical sensation instead	collation:4171-4194 [BANNED 1.16]	"Like a [physical force]" for emotional shock.
banned-1.18-precision-control-phrases	BANNED	both	\bsurgical precision\b|\bwith practiced ease\b|\beconomical movement\b			Describe the specific movement—what does this actually look like	collation:4199-4225 [BANNED 1.18]	Multiword phrase shells from the cluster; single-word descriptors split into the companion WATCH row.
watch-1.18-precision-control-words	WATCH	both	\bcalculated\b|\bcalibrated\b|\bmethodical\b|\bclinical\b|\bexacting\b			Describe the specific movement—what does this actually look like	collation:4199-4225 [BANNED 1.18]	Split from phrase row: single common words downgraded to WATCH per safety rail; flag clustering of clinical-competence descriptors.
banned-1.22-hollow-restraint	BANNED	both	\bheld it together\b|\bswallowed it down\b|\bkept it inside\b|\bbottled it up\b|\blocked it away\b			Name what's being held, how this character physically achieves restraint, and what breaks if they stop	collation:4230-4253 [BANNED 1.22]	What matters is what leaks when containment fails.
banned-1.12-meta-narrative-intrusion	BANNED	narration	\bscene[’']s not over\b|\bwaited for the next beat\b|\bthis was the real moment\b|\bconversation wasn[’']t finished\b|\bfelt like something was about to happen\b			You've left character POV—reenter through action; never reference scene/beat/moment as story structure	collation:4563-4585 [BANNED 1.12]	Listed-example shells; generic "the scene"/"the moment" left unflagged (common literal uses).
banned-3.12-narrator-distance	BANNED	narration	,\s*(?:highlighting|underscoring) (?:his|her|their)\b|,\s*a sound that (?:underscored|highlighted)\b			Keep narration inside character perception or the scene's physical reality; make the action more specific, move interpretation into character interiority, or cut it and trust the reader	collation:4666-4686 [BANNED 3.12]	Overlaps 1.28 (same editorializing-participle family); this row adds the "a sound that underscored" shell. Allowable: interpretation voiced as character interiority, not narrator commentary.
banned-1.1-sequential-action-pairs	BANNED	narration	,\s*then \w+			Rewrite as fluid motion or consequence; ask whether the sequence reveals psychology or just choreographs motion	collation:4857-4878 [BANNED 1.1]	"X, then Y" stage-direction pacing. Dialogue sequencing ("we ate, then left") is natural speech—scope narration (harness choice).
banned-1.2-vague-interiority-placeholder	BANNED	narration	\bsomething (?:shifts?|shifted|tightens?|tightened|flickers?|flickered|hardens?|hardened|softens?|softened|breaks?|broke|cracks?|cracked|loosens?|loosened|changes?|changed|stirs?|stirred) (?:in|behind|across) (?:his|her|their|my|your) [\w’']+\b			Name exactly what is happening—what an observer would see or the character would feel	collation:5261-5283 [BANNED 1.2]	"Something [verbs] in/behind [body part]" ("something shifts behind his eyes").
banned-1.21-articulation-by-proxy	BANNED	narration	\ba look that said\b|\bdidn[’']t need words\b|\bspoke volumes\b|\b(?:his|her|their) expression said it all\b|\b(?:s?he|they) knew what (?:s?he|they) meant\b			Show what is actually being communicated—show the exchange	collation:6028-6051 [BANNED 1.21]	Claiming communication happened without showing content breaks the contract with the reader.
watch-rt2-emdash-participial-absolute	WATCH	narration	[—–]\s?[\w’']+(?:ing|ed)\b|[—–]\s?(?:his|her|their|its) [\w’']+\b			Remove the dash; work the descriptors into the sentence with commas, or flip the structure—don't just swap in a colon	collation:1560-1569 [Reddit thread 2: em dash]	Em dash introducing participial/absolute phrases ("—slouched ever so slightly, his breathing deep and even"). Grammatically correct; source would "always remove these dashes." WATCH because shell is broad and em dashes per se are never BANNED (safety rail).
watch-rt2-emdash-nonessential-relative	WATCH	narration	[—–]\s?(?:which|who|whose|[\w’']+ed) [^—–\n]{1,60}[—–]			Swap the em dashes for commas	collation:1885-1893 [Reddit thread 2: em dash]	Exception stated by source: keep the dash in dialogue when the character rushes through an aside or there's a hard stop—hence scope=narration.
watch-rt2-emdash-comma-list	WATCH	both	[—–][^—–\n]{1,40},[^—–\n]{1,40},[^—–\n]{1,40}[—–]			Work the list into the sentence; a comma'd list sandwiched between dashes wrecks flow	collation:2375-2384 [Reddit thread 2: em dash]	Source says "be wary" (context-dependent) → WATCH. Source also warns the adjective-stacking fix has its own problems.
banned-rt2-appositive-renaming	BANNED	narration	(?-i:[—–][A-Z][\w’']+[—–])			Name the noun correctly in the first place; cut the dash-appositive rename	collation:2388-2397 [Reddit thread 2: em dash]	Shell: single capitalized name between dashes ("the child who had woven them—Hana—peeked"). Legit emphatic interjections (—God—) may false-positive. Case-sensitive via local flag group. Allowable: make surrounding prose establish the identity instead.
legacy-process-leakage-marker	BANNED	both	(\[\s*(TODO|TK|FIXME|NOTE)[^\]]*\]|\b(TODO|TK|FIXME|PLACEHOLDER|DRAFT NOTE|REVISION NOTE|INSERT SCENE|ADD DETAIL|AS AN AI|LANGUAGE MODEL)\b|<!--)			Remove process/editorial markers from finished prose	verve-legacy	Transcribed from prior pipeline quality_gate.sh (grep -E syntax is Python-re compatible here).
legacy-clean-menace-metaphor	BANNED	both	\bclean (knife|cut|wound|blade|violence|kill|death|break)\b			Find a non-stock menace image; "clean violence" is workshop-worn	verve-legacy	Transcribed from prior pipeline quality_gate.sh.
legacy-the-way-stock-explanation	BANNED	narration	\bthe way (he|she|they|it) (always |still |just |used to |would )?(did|does|looked|moved|sounded|felt) when\b|\bthe way (his|her|their) (mouth|voice|face|eyes|hands|body) (moved|looked|sounded|went|did) when\b			Cut the "the way X did when" nostalgia formula; show the specific memory or behavior	verve-legacy	Transcribed from prior pipeline quality_gate.sh.
legacy-uncontracted-casual-dialogue	WATCH	dialogue	\b(do not|does not|did not|cannot|could not|would not|will not|should not|have not|has not|is not|are not|was not|were not|I am|you are|he is|she is|they are|we are|it is)\b			Use contractions in casual speech unless the register is deliberately formal	verve-legacy	suspect unless deliberately formal/emphatic/world-true (constitution rule 4); WATCH because legitimate registers exist
legacy-narrator-admiration-tell	BANNED	narration	\b(the word|the line|the name|the question|the answer|the silence|the pause) (landed|hung|stretched|settled|hit|thickened|grew heavy|lingered)\b			Cut the narrator admiring its own line; show the listener's reaction instead	verve-legacy	Transcribed from prior pipeline quality_gate.sh.
legacy-em-dash-apposition-workshop	BANNED	narration	(?-i:^[A-Z][a-z]{3,20}\.? — [a-z][^.!?]{0,120}\.$)			Rewrite the "Name. — lowercase predicate." workshop apposition line	verve-legacy	case-sensitive structural pattern via (?-i:) local flag group (Python 3.11+); engine flag nocase=0
